immunity,u_waning
RaTG13,0.003954
Rs4084,0.003954
GX/P1E,0.003954
SARS-CoV-1,0.003954
