immunity,u_waning
V1,0.01131
V2,0.01131
V3,0.010433
wuhan,0.003954
alpha,0.003954
delta,0.003954
omicron,0.018
